level_0,level_1,level_2,level_3,level_4,level_5,description
Cognitive Function,,,,,"The overall ability to think, understand, learn, and remember. It includes different cognitive processes that help in acquiring knowledge, making decisions, and solving problems.",
Cognitive Function,Memory,,,,"The ability to encode, store, and recall information.",
Cognitive Function,Memory,Short-term Memory,,,The capacity to hold a small amount of information in mind for a brief period.,
Cognitive Function,Memory,Short-term Memory,Phonological Loop,,A subcomponent of working memory responsible for the temporary storage and manipulation of verbal information.,
Cognitive Function,Memory,Short-term Memory,Phonological Loop,Phonemic Awareness,The ability to recognize and manipulate phonemes in spoken words.,
Cognitive Function,Memory,Short-term Memory,Phonological Loop,Phonemic Awareness,Phoneme Matching,The ability to identify words that begin or end with the same sound.
Cognitive Function,Memory,Short-term Memory,Phonological Loop,Verbal Rehearsal,The practice of repeating a word or phrase to keep it in working memory.,
Cognitive Function,Memory,Short-term Memory,Phonological Loop,Verbal Rehearsal,Articulatory Suppression,A process that disrupts verbal rehearsal by repeating irrelevant speech sounds.
Cognitive Function,Memory,Short-term Memory,Visuospatial Sketchpad,,A subcomponent of working memory that stores and processes information in a visual or spatial form.,
Cognitive Function,Memory,Short-term Memory,Visuospatial Sketchpad,Spatial Recall,The ability to remember visual and spatial information.,
Cognitive Function,Memory,Short-term Memory,Visuospatial Sketchpad,Spatial Recall,Path Memory,Recall of spatial routes and pathways.
Cognitive Function,Memory,Short-term Memory,Visuospatial Sketchpad,Imagery Maintenance,The process of retaining mental images in the mind.,
Cognitive Function,Memory,Short-term Memory,Visuospatial Sketchpad,Imagery Maintenance,Image Rotation,The ability to mentally rotate images to different orientations.
Cognitive Function,Memory,Long-term Memory,,,The ability to store and retrieve information over a longer duration.,
Cognitive Function,Memory,Long-term Memory,Declarative Memory,,The aspect of long-term memory involving the storage of facts and events.,
Cognitive Function,Memory,Long-term Memory,Declarative Memory,Semantic Memory,The memory of facts and general knowledge.,
Cognitive Function,Memory,Long-term Memory,Declarative Memory,Semantic Memory,Concept Formation,The process of categorizing information based on shared properties.
Cognitive Function,Memory,Long-term Memory,Declarative Memory,Episodic Memory,The memory of personal experiences and specific events in time.,
Cognitive Function,Memory,Long-term Memory,Declarative Memory,Episodic Memory,Autobiographical Memory,The memory of one's own specific life events and experiences.
Cognitive Function,Memory,Long-term Memory,Procedural Memory,,Type of long-term memory involved in the acquisition of skills and habits.,
Cognitive Function,Memory,Long-term Memory,Procedural Memory,Motor Skills,Memories of actions and sequences needed to perform tasks.,
Cognitive Function,Memory,Long-term Memory,Procedural Memory,Motor Skills,Gross Motor Coordination,The ability to control large muscle movements.
Cognitive Function,Memory,Long-term Memory,Procedural Memory,Cognitive Skills,Memory of strategies and problem-solving methods.,
Cognitive Function,Memory,Long-term Memory,Procedural Memory,Cognitive Skills,Heuristics,"Simple, efficient rules used to make decisions or problem-solve."
Cognitive Function,Memory,Working Memory,,,The ability to hold and manipulate information temporarily while performing cognitive tasks.,
Cognitive Function,Memory,Working Memory,Central Executive Function,,The component of working memory responsible for directing attention and coordinating cognitive processes.,
Cognitive Function,Memory,Working Memory,Central Executive Function,Task Switching,The ability to shift attention between different tasks or mental processes.,
Cognitive Function,Memory,Working Memory,Central Executive Function,Task Switching,Cognitive Shifting,Changing mental goals or tasks efficiently based on new information.
Cognitive Function,Memory,Working Memory,Central Executive Function,Updating and Monitoring,The process of reviewing and revising information in working memory.,
Cognitive Function,Memory,Working Memory,Central Executive Function,Updating and Monitoring,Dynamic Memory Adaptation,Adjusting strategies based on changes in memory content or task requirements.
Cognitive Function,Memory,Working Memory,Episodic Buffer,,"A component of working memory where information from different domains is integrated to form a single, coherent episode.",
Cognitive Function,Memory,Working Memory,Episodic Buffer,Binding,The process of combining various pieces of information to form a cohesive memory.,
Cognitive Function,Memory,Working Memory,Episodic Buffer,Binding,Feature Integration,The process of integrating multiple sensory inputs into a single perception.
Cognitive Function,Memory,Working Memory,Episodic Buffer,Integration,The ability to unite disparate pieces of information into a single representation.,
Cognitive Function,Memory,Working Memory,Episodic Buffer,Integration,Cross-Modal Integration,The ability to combine information from different sensory modalities.
Cognitive Function,Attention,,,,The ability to focus on specific stimuli or tasks while managing distractions.,
Cognitive Function,Attention,Sustained Attention,,,The capacity to maintain consistent focus over time.,
Cognitive Function,Attention,Sustained Attention,Cognitive Endurance,,The ability to keep attention over long periods without losing focus.,
Cognitive Function,Attention,Sustained Attention,Cognitive Endurance,Auditory Vigilance,Maintaining focus on auditory stimuli over prolonged periods.,
Cognitive Function,Attention,Selective Attention,,,The ability to focus on relevant stimuli while ignoring irrelevant information.,
Cognitive Function,Attention,Selective Attention,Auditory Selective Attention,,Focusing on specific sounds while ignoring others.,
Cognitive Function,Attention,Selective Attention,Auditory Selective Attention,Speech-In-Noise Differentiation,The ability to discern speech from background noise.,
Cognitive Function,Attention,Selective Attention,Visual Selective Attention,,Focusing on specific visual stimuli while ignoring others.,
Cognitive Function,Attention,Selective Attention,Visual Selective Attention,Color-Cue Attention,Focusing on specific colors in a visual field.,
Cognitive Function,Attention,Divided Attention,,,The capacity to process two or more responses or stimuli simultaneously.,
Cognitive Function,Attention,Divided Attention,Multitasking,,Performing multiple cognitive tasks at the same time.,
Cognitive Function,Attention,Divided Attention,Multitasking,Simultaneous Processing,The ability to handle different tasks or processes at the same time.,
Cognitive Function,Executive Functioning,,,,"High-level cognitive processes that help in planning, decision-making, problem-solving, and regulating thoughts and actions.",
Cognitive Function,Executive Functioning,Inhibition Control,,,The ability to suppress impulsive responses and resist distractions.,
Cognitive Function,Executive Functioning,Inhibition Control,Response Inhibition,,Suppressing inappropriate or unwanted behaviors.,
Cognitive Function,Executive Functioning,Inhibition Control,Response Inhibition,Emotional Inhibition,The ability to control or modify emotional responses.,
Cognitive Function,Executive Functioning,Cognitive Flexibility,,,The capacity to switch between thinking about different concepts or to think about multiple concepts simultaneously.,
Cognitive Function,Executive Functioning,Cognitive Flexibility,Set Shifting,,Alternating between different thoughts or actions according to the demands of the situation.,
Cognitive Function,Executive Functioning,Cognitive Flexibility,Set Shifting,Task Reconfiguration,Adjusting mental processes to respond to a new task rapidly.,
Cognitive Function,Executive Functioning,Planning,,,The ability to create a roadmap to reach a goal or complete a task efficiently.,
Cognitive Function,Executive Functioning,Planning,Goal Setting,,Establishing objectives and determining steps to achieve them.,
Cognitive Function,Executive Functioning,Planning,Goal Setting,Milestone Mapping,Identifying key stages or checkpoints towards achieving a goal.,
Cognitive Function,Executive Functioning,Problem-Solving,,,The ability to find solutions to complex or difficult issues.,
Cognitive Function,Executive Functioning,Problem-Solving,Strategic Thinking,,Devising a plan to solve problems efficiently.,
Cognitive Function,Executive Functioning,Problem-Solving,Strategic Thinking,Analytical Reasoning,Breaking down complex information into components to solve problems.,
Cognitive Function,Perception,,,,The ability to interpret and organize sensory information.,
Cognitive Function,Perception,Visual Perception,,,The ability to interpret information from visible light reaching the eye.,
Cognitive Function,Perception,Visual Perception,Depth Perception,,The ability to perceive the world in three dimensions.,
Cognitive Function,Perception,Visual Perception,Depth Perception,Stereopsis,Perceiving depth by integrating visual information from both eyes.,
Cognitive Function,Perception,Auditory Perception,,,"The ability to identify, interpret, and attach meaning to sound stimuli.",
Cognitive Function,Perception,Auditory Perception,Sound Localization,,The ability to identify the source or location of a sound in space.,
Cognitive Function,Perception,Auditory Perception,Sound Localization,Binaural Perception,Using auditory input from both ears to locate sound sources.,
Cognitive Function,Perception,Tactile Perception,,,The ability to interpret information through touch.,
Cognitive Function,Perception,Tactile Perception,Texture Discrimination,,Differentiating between the feel of various surfaces.,
Cognitive Function,Perception,Tactile Perception,Texture Discrimination,Surface Roughness Perception,The ability to distinguish between smooth and rough textures.,
Cognitive Function,Language Processing,,,,"The ability to comprehend and produce language forms, including speaking, reading, and writing.",
Cognitive Function,Language Processing,Receptive Language,,,The ability to understand and process spoken and written language.,
Cognitive Function,Language Processing,Receptive Language,Listening Comprehension,,Understanding and interpreting spoken language.,
Cognitive Function,Language Processing,Receptive Language,Listening Comprehension,Inferential Listening,Understanding implicit meaning and nuances in spoken content.,
Cognitive Function,Language Processing,Expressive Language,,,The ability to produce and articulate thoughts verbally or in writing.,
Cognitive Function,Language Processing,Expressive Language,Narrative Skills,,The ability to tell stories and describe events.,
Cognitive Function,Language Processing,Expressive Language,Narrative Skills,Story Structuring,Organizing words and ideas into coherent and engaging narratives.,
Cognitive Function,Language Processing,Phonological Processing,,,The ability to recognize and manipulate sounds in speech.,
Cognitive Function,Language Processing,Phonological Processing,Phonological Awareness,,Recognizing and working with sounds in spoken language.,
Cognitive Function,Language Processing,Phonological Processing,Phonological Awareness,Rhyme Generation,Creating words that rhyme in a given context.,
Cognitive Function,Visual-Spatial Skills,,,,"The ability to comprehend visual and spatial relationships, such as understanding maps, graphs, and complex shapes.",
Cognitive Function,Visual-Spatial Skills,Spatial Orientation,,,The ability to understand and operate in a space in relation to other objects.,
Cognitive Function,Visual-Spatial Skills,Spatial Orientation,Directional Sense,,Understanding of and ability to navigate using directions.,
Cognitive Function,Visual-Spatial Skills,Spatial Orientation,Directional Sense,Cardinal Directions,Understanding and using the points of a compass for navigation.,
Cognitive Function,Visual-Spatial Skills,Visual-Motor Integration,,,The ability to coordinate visual perceptual skills with motor skills.,
Cognitive Function,Visual-Spatial Skills,Visual-Motor Integration,Hand-Eye Coordination,,The ability to synchronize visual input with motor actions.,
Cognitive Function,Visual-Spatial Skills,Visual-Motor Integration,Hand-Eye Coordination,Fine Motor Precision,The accuracy and delicacy of manual tasks requiring careful coordination between vision and touch.,
Emotion Regulation,,,,,The ability to effectively manage and respond to an emotional experience.,
Emotion Regulation,Emotional Awareness,,,,Understanding and recognizing one's own emotions.,
Emotion Regulation,Emotional Awareness,Emotional Self-Monitoring,,,The ability to continuously evaluate one's emotional state.,
Emotion Regulation,Emotional Awareness,Emotional Self-Monitoring,Real-Time Emotional Tracking,,Monitoring and identifying emotions as they occur in real-time.,
Emotion Regulation,Emotional Awareness,Emotional Self-Monitoring,Real-Time Emotional Tracking,Mindful Emotional Recognition,Using mindfulness techniques to remain aware of emotions as they arise.,
Emotion Regulation,Emotional Awareness,Emotional Self-Monitoring,Real-Time Emotional Tracking,Emotion Logging,Documenting emotional states and changes over time for better awareness.,
Emotion Regulation,Emotional Awareness,Emotional Self-Monitoring,Retrospective Emotional Evaluation,,Assessing emotional responses after the fact to understand emotional patterns.,
Emotion Regulation,Emotional Awareness,Emotional Self-Monitoring,Retrospective Emotional Evaluation,Narrative Review,Reflecting on past emotional experiences to understand emotional trends.,
Emotion Regulation,Emotional Awareness,Emotional Self-Monitoring,Retrospective Emotional Evaluation,Comparative Emotional Analysis,Contrasting current and previous emotional experiences to derive insights.,
Emotion Regulation,Emotional Awareness,Interoceptive Awareness,,,Recognizing and interpreting bodily signals related to emotional states.,
Emotion Regulation,Emotional Awareness,Interoceptive Awareness,Bodily Sensation Identification,,Identifying physical sensations associated with different emotions.,
Emotion Regulation,Emotional Awareness,Interoceptive Awareness,Bodily Sensation Identification,Localized Sensation Mapping,Pinpointing specific physical locations associated with emotional sensations.,
Emotion Regulation,Emotional Awareness,Interoceptive Awareness,Bodily Sensation Identification,Intensity and Duration Tracking,Observing the strength and length of bodily sensations related to emotions.,
Emotion Regulation,Emotional Awareness,Interoceptive Awareness,Emotional-Bodily Synchrony,,Understanding the relationship between bodily sensations and emotional states.,
Emotion Regulation,Emotional Awareness,Interoceptive Awareness,Emotional-Bodily Synchrony,Temporal Synchronization,Timing and predicting bodily responses to emotional stimuli.,
Emotion Regulation,Emotional Awareness,Interoceptive Awareness,Emotional-Bodily Synchrony,Emotional-Corporal Feedback Loops,Recognizing feedback between emotions and bodily changes.,
Emotion Regulation,Emotional Expression,,,,The ability to express emotions appropriately.,
Emotion Regulation,Emotional Expression,Verbal Expression,,,Articulating emotions through words.,
Emotion Regulation,Emotional Expression,Verbal Expression,Emotionally Descriptive Language,,Using detailed and precise language to describe emotions.,
Emotion Regulation,Emotional Expression,Verbal Expression,Emotionally Descriptive Language,Emotion Vocabulary Expansion,Building a broader set of words for emotional expressions.,
Emotion Regulation,Emotional Expression,Verbal Expression,Emotionally Descriptive Language,Contextual Language Usage,Adapting emotional language to suit different social scenarios.,
Emotion Regulation,Emotional Expression,Verbal Expression,Emotionally Expressive Storytelling,,Conveying emotions through narrative and stories.,
Emotion Regulation,Emotional Expression,Verbal Expression,Emotionally Expressive Storytelling,Emotional Narration Techniques,Using storytelling methods to effectively communicate emotions.,
Emotion Regulation,Emotional Expression,Verbal Expression,Emotionally Expressive Storytelling,Emotional Engagement Strategies,Techniques to captivate an audience with emotional stories.,
Emotion Regulation,Emotional Expression,Non-Verbal Expression,,,"Conveying emotions through body language, facial expressions, and gestures.",
Emotion Regulation,Emotional Expression,Non-Verbal Expression,Facial Expression Recognition,,Understanding and using facial expressions to convey emotions.,
Emotion Regulation,Emotional Expression,Non-Verbal Expression,Facial Expression Recognition,Micro-Expressions Analysis,"Detecting and interpreting brief, involuntary facial expressions.",
Emotion Regulation,Emotional Expression,Non-Verbal Expression,Facial Expression Recognition,Macro-Expressions Differentiation,Distinguishing between overt facial expressions for different emotions.,
Emotion Regulation,Emotional Expression,Non-Verbal Expression,Gestural Emotional Communication,,Using gestures to express emotions.,
Emotion Regulation,Emotional Expression,Non-Verbal Expression,Gestural Emotional Communication,Cultural Nuance in Gestures,Understanding cultural differences in gestural emotion expression.,
Emotion Regulation,Emotional Expression,Non-Verbal Expression,Gestural Emotional Communication,Gesture Recognition Training,Improving skills in identifying emotional gestures.,
Emotion Regulation,Emotional Understanding of Others,,,,The ability to empathize and understand emotions in others.,
Emotion Regulation,Emotional Understanding of Others,Cognitive Empathy,,,Understanding the perspective and emotions of others.,
Emotion Regulation,Emotional Understanding of Others,Cognitive Empathy,Perspective Taking,,The ability to adopt the viewpoint of another person.,
Emotion Regulation,Emotional Understanding of Others,Cognitive Empathy,Perspective Taking,Role-Playing Exercises,Participating in activities that promote understanding others' perspectives.,
Emotion Regulation,Emotional Understanding of Others,Cognitive Empathy,Perspective Taking,Analytical Perspective Shifts,Methodically changing viewpoints to enhance empathy.,
Emotion Regulation,Emotional Understanding of Others,Cognitive Empathy,Theory of Mind,,Understanding that others have thoughts and emotions different from one's own.,
Emotion Regulation,Emotional Understanding of Others,Cognitive Empathy,Theory of Mind,Mind-Reading Exercises,Practice in guessing others' emotions and thoughts.,
Emotion Regulation,Emotional Understanding of Others,Cognitive Empathy,Theory of Mind,Social Scenario Analysis,Studying various social situations to predict emotional responses.,
Emotion Regulation,Emotional Understanding of Others,Affective Empathy,,,Sharing and responding to the emotional experiences of others.,
Emotion Regulation,Emotional Understanding of Others,Affective Empathy,Emotional Matching,,Feeling emotions that are similar to those of another person.,
Emotion Regulation,Emotional Understanding of Others,Affective Empathy,Emotional Matching,Emotional Synchrony Development,Practicing aligning one's emotional state with others.,
Emotion Regulation,Emotional Understanding of Others,Affective Empathy,Emotional Matching,Sympathetic Engagement,Engaging in activities that nurture emotional alignment.,
Emotion Regulation,Emotional Understanding of Others,Affective Empathy,Compassionate Response,,Acting on feelings of care and concern for another's emotional state.,
Emotion Regulation,Emotional Understanding of Others,Affective Empathy,Compassionate Response,Compassion Training Programs,Participating in structured programs to enhance compassion.,
Emotion Regulation,Emotional Understanding of Others,Affective Empathy,Compassionate Response,Proactive Emotional Support,Offering emotional help and support instinctively.,
Emotion Regulation,Emotional Control,,,,The ability to regulate intense emotions and impulses.,
Emotion Regulation,Emotional Control,Impulse Control,,,Managing immediate emotional and behavioral reactions.,
Emotion Regulation,Emotional Control,Impulse Control,Delay of Gratification,,The ability to wait in order to obtain something more rewarding later.,
Emotion Regulation,Emotional Control,Impulse Control,Delay of Gratification,Patience Building Exercises,Activities designed to enhance one's ability to wait.,
Emotion Regulation,Emotional Control,Impulse Control,Delay of Gratification,Deferred Reward Strategies,Techniques to manage desires for immediate rewards.,
Emotion Regulation,Emotional Control,Impulse Control,Impulse Delay Techniques,,Strategies to delay immediate emotional or behavioral reactions.,
Emotion Regulation,Emotional Control,Impulse Control,Impulse Delay Techniques,Breathing Techniques,Using breath control to manage impulses.,
Emotion Regulation,Emotional Control,Impulse Control,Impulse Delay Techniques,Cognitive Reappraisal,Reframing thoughts to alter emotional responses.,
Emotion Regulation,Emotional Control,Distress Tolerance,,,Enduring emotional discomfort effectively.,
Emotion Regulation,Emotional Control,Distress Tolerance,Emotional Resilience,,The capacity to recover quickly from emotional difficulties.,
Emotion Regulation,Emotional Control,Distress Tolerance,Emotional Resilience,Resilience Strengthening Exercises,Activities aimed at boosting emotional resilience.,
Emotion Regulation,Emotional Control,Distress Tolerance,Emotional Resilience,Stress Recovery Methods,Techniques to facilitate recovery from stress.,
Emotion Regulation,Emotional Control,Distress Tolerance,Coping with Emotional Stress,,Techniques to manage emotional stress and discomfort.,
Emotion Regulation,Emotional Control,Distress Tolerance,Coping with Emotional Stress,Mindfulness-Based Stress Reduction,Using mindfulness practices to alleviate stress.,
Emotion Regulation,Emotional Control,Distress Tolerance,Coping with Emotional Stress,Problem-Solving Therapy,Engaging in therapy to address emotional stressors.,
Emotion Regulation,Emotional Reflectivity,,,,The capacity to reflect on one's emotions and emotional reactions.,
Emotion Regulation,Emotional Reflectivity,Emotional Insight,,,Understanding the origins and implications of one's emotional responses.,
Emotion Regulation,Emotional Reflectivity,Emotional Insight,Root Cause Analysis,,Identifying underlying causes of emotional reactions.,
Emotion Regulation,Emotional Reflectivity,Emotional Insight,Root Cause Analysis,Trigger Mapping,Identifying specific causes that prompt emotional responses.,
Emotion Regulation,Emotional Reflectivity,Emotional Insight,Root Cause Analysis,Pattern Recognition,Identifying recurring emotional triggers and behaviors.,
Emotion Regulation,Emotional Reflectivity,Emotional Insight,Predictive Emotional Understanding,,Anticipating emotional reactions based on past experiences.,
Emotion Regulation,Emotional Reflectivity,Emotional Insight,Predictive Emotional Understanding,Emotional Forecasting,Predicting future emotional states based on historical data.,
Emotion Regulation,Emotional Reflectivity,Emotional Insight,Predictive Emotional Understanding,Scenario Planning,Preparing for potential emotional reactions in various scenarios.,
Emotion Regulation,Emotional Reflectivity,Emotion-Focused Coping,,,Strategies to deal with emotional stress and difficulties.,
Emotion Regulation,Emotional Reflectivity,Emotion-Focused Coping,Adaptive Coping Strategies,,Use of flexible and positive approaches to handle emotional challenges.,
Emotion Regulation,Emotional Reflectivity,Emotion-Focused Coping,Adaptive Coping Strategies,Cognitive Behavioral Adjustments,Techniques to change thought patterns influencing emotions.,
Emotion Regulation,Emotional Reflectivity,Emotion-Focused Coping,Adaptive Coping Strategies,Emotion Regulation Skill Building,Developing skills to enhance emotion regulation.,
Emotion Regulation,Emotional Reflectivity,Emotion-Focused Coping,Maladaptive Coping Recognition,,Identifying and avoiding unhelpful coping methods.,
Emotion Regulation,Emotional Reflectivity,Emotion-Focused Coping,Maladaptive Coping Recognition,Negative Pattern Identification,Spotting detrimental coping behaviors.,
Emotion Regulation,Emotional Reflectivity,Emotion-Focused Coping,Maladaptive Coping Recognition,Behavioral Modification Techniques,Methods to change counterproductive coping tactics.,
Social Interaction,,,,,"Social Interaction refers to the ways in which individuals engage and communicate with others in society, including understanding social cues, forming relationships, and collaborating in group settings.",
Social Interaction,Social Understanding,,,,"The ability to perceive, interpret, and predict social cues, norms, and behaviors in various contexts.",
Social Interaction,Social Understanding,Theory of Mind,,,Understanding that others have thoughts and emotions different from one's own.,
Social Interaction,Social Understanding,Theory of Mind,First-Order Theory of Mind,,"The capacity to understand others' thoughts, beliefs, and emotions.",
Social Interaction,Social Understanding,Theory of Mind,First-Order Theory of Mind,False-Belief Understanding,"Understanding that others have beliefs, desires, and intentions that are different from one's own.",
Social Interaction,Social Understanding,Theory of Mind,First-Order Theory of Mind,False-Belief Understanding,Advanced False Belief Tasks,Recognizing that others can hold beliefs that are untrue or different from reality.
Social Interaction,Social Understanding,Theory of Mind,First-Order Theory of Mind,Desire-Emotion Link,Understanding complex scenarios involving multiple false beliefs.,
Social Interaction,Social Understanding,Theory of Mind,First-Order Theory of Mind,Desire-Emotion Link,Emotion Regulation in Desire Contexts,Understanding how desires influence emotions in oneself and others.
Social Interaction,Social Understanding,Theory of Mind,Second-Order Theory of Mind,,Managing emotions that arise from personal desires.,
Social Interaction,Social Understanding,Theory of Mind,Second-Order Theory of Mind,Complex Social Inference,The ability to understand what one person thinks about another person's thoughts.,
Social Interaction,Social Understanding,Theory of Mind,Second-Order Theory of Mind,Complex Social Inference,Meta-Representation Skills,Making inferences about multiple interacting mental states.
Social Interaction,Social Understanding,Theory of Mind,Second-Order Theory of Mind,Perspective-Taking Flexibility,Representing and reflecting on others' mental representations.,
Social Interaction,Social Understanding,Theory of Mind,Second-Order Theory of Mind,Perspective-Taking Flexibility,Dynamic Role Empathy,Adjusting one's perspective-taking in dynamic social scenarios.
Social Interaction,Social Understanding,Social Perception,,,Adapting empathy to changing social roles and relationships.,
Social Interaction,Social Understanding,Social Perception,Facial Expression Recognition,,Understanding and using facial expressions to convey emotions.,
Social Interaction,Social Understanding,Social Perception,Facial Expression Recognition,Micro-Expression Analysis,"The ability to accurately decode and interpret social cues, such as body language and facial expressions.",
Social Interaction,Social Understanding,Social Perception,Facial Expression Recognition,Micro-Expression Analysis,Rapid Recognition Training,The skill of identifying and interpreting emotions in others based on facial expressions.
Social Interaction,Social Understanding,Social Perception,Facial Expression Recognition,Emotion-Context Matching,Detecting and interpreting subtle facial expressions that occur briefly.,
Social Interaction,Social Understanding,Social Perception,Facial Expression Recognition,Emotion-Context Matching,Contextual Emotion Decoding,Training to improve the speed and accuracy of micro-expression recognition.
Social Interaction,Social Understanding,Social Perception,Body Language Interpretation,,Relating facial expressions to contextual emotional scenarios.,
Social Interaction,Social Understanding,Social Perception,Body Language Interpretation,Gesture-Decoding,Decoding emotions based on situational and environmental contexts.,
Social Interaction,Social Understanding,Social Perception,Body Language Interpretation,Gesture-Decoding,Cultural Gesture Awareness,Understanding and interpreting non-verbal cues conveyed through body movements and posture.
Social Interaction,Social Understanding,Social Perception,Body Language Interpretation,Posture Analysis,Interpreting the meaning of specific gestures within communication.,
Social Interaction,Social Understanding,Social Perception,Body Language Interpretation,Posture Analysis,Postural Emotion Calibration,Understanding gestures specific to different cultural contexts.
Social Interaction,Relationship Building,,,,Understanding emotional states and intentions from posture.,
Social Interaction,Relationship Building,Empathy Development,,,Calibrating emotional interpretation based on typical posture norms.,
Social Interaction,Relationship Building,Empathy Development,Cognitive Empathy,,Understanding the perspective and emotions of others.,
Social Interaction,Relationship Building,Empathy Development,Cognitive Empathy,Perspective Integration,The capacity to form and maintain healthy and meaningful relationships with others.,
Social Interaction,Relationship Building,Empathy Development,Cognitive Empathy,Perspective Integration,Interactive Perspective-Taking,The ability to understand and share the feelings of others.
Social Interaction,Relationship Building,Empathy Development,Cognitive Empathy,Empathetic Judgement,The capacity to understand another's perspective or mental state.,
Social Interaction,Relationship Building,Empathy Development,Cognitive Empathy,Empathetic Judgement,Judgement Empathy Balance,Synthesizing different viewpoints into a coherent understanding.
Social Interaction,Relationship Building,Empathy Development,Affective Empathy,,Sharing and responding to the emotional experiences of others.,
Social Interaction,Relationship Building,Empathy Development,Affective Empathy,Emotional Resonance,Engaging in discussions that promote mutual understanding and integration.,
Social Interaction,Relationship Building,Empathy Development,Affective Empathy,Emotional Resonance,Synchrony in Emotional Responses,Evaluating situations from an empathic perspective.
Social Interaction,Relationship Building,Empathy Development,Affective Empathy,Empathetic Concern,Balancing objective judgement with empathetic understanding.,
Social Interaction,Relationship Building,Empathy Development,Affective Empathy,Empathetic Concern,Compassionate Action,The ability to respond with an appropriate emotion to another's mental states.
Social Interaction,Relationship Building,Trust Establishment,,,Feeling and sharing emotions in-sync with others.,
Social Interaction,Relationship Building,Trust Establishment,Reliability Perception,,Achieving emotional synchrony with others during interactions.,
Social Interaction,Relationship Building,Trust Establishment,Reliability Perception,Consistency Evaluation,Experiencing and expressing concern for others' well-being.,
Social Interaction,Relationship Building,Trust Establishment,Reliability Perception,Consistency Evaluation,Temporal Consistency Analysis,Acting to support and comfort others driven by empathy.
Social Interaction,Relationship Building,Trust Establishment,Reliability Perception,Integrity Recognition,The process of building and maintaining trust in interpersonal relationships.,
Social Interaction,Relationship Building,Trust Establishment,Reliability Perception,Integrity Recognition,Values and Integrity Alignment,Assessing and recognizing the dependability of others.
Social Interaction,Relationship Building,Trust Establishment,Emotional Bonding,,Judging others based on consistent behavior over time.,
Social Interaction,Relationship Building,Trust Establishment,Emotional Bonding,Attachment Security,Analyzing behavior consistency across time periods.,
Social Interaction,Relationship Building,Trust Establishment,Emotional Bonding,Attachment Security,Secure Attachment Behaviors,Identifying honesty and adherence to moral principles.
Social Interaction,Relationship Building,Trust Establishment,Emotional Bonding,Interpersonal Warmth,Aligning personal values with perceptions of integrity in others.,
Social Interaction,Relationship Building,Trust Establishment,Emotional Bonding,Interpersonal Warmth,Warmth Expression Techniques,Creating a shared sense of connection and attachment with others.
Social Interaction,Collaboration,,,,Feeling secure and confident in close relationships.,
Social Interaction,Collaboration,Teamwork,,,Demonstrating behaviors associated with secure attachments.,
Social Interaction,Collaboration,Teamwork,Role Identification,,Exhibiting kindness and warmth in social interactions.,
Social Interaction,Collaboration,Teamwork,Role Identification,Role Adaptability,Techniques for expressing warmth and kindness effectively.,
Social Interaction,Collaboration,Teamwork,Role Identification,Role Adaptability,Cross-Functional Role Training,The skill of working effectively and cooperatively with others to achieve common goals.
Social Interaction,Collaboration,Teamwork,Role Identification,Role Competency,The ability to work constructively within a group to achieve shared objectives.,
Social Interaction,Collaboration,Teamwork,Role Identification,Role Competency,Competency Enhancement,Understanding and fulfilling one's role within a team setting.
Social Interaction,Collaboration,Teamwork,Goal Alignment,,Adjusting to different roles and responsibilities as needed.,
Social Interaction,Collaboration,Teamwork,Goal Alignment,Objective Clarification,Training to perform various roles within a team.,
Social Interaction,Collaboration,Teamwork,Goal Alignment,Objective Clarification,Goal Clarity Workshops,Demonstrating skill and expertise within assigned roles.
Social Interaction,Collaboration,Teamwork,Goal Alignment,Priority Setting,Improving skills specific to assigned roles.,
Social Interaction,Collaboration,Teamwork,Goal Alignment,Priority Setting,Strategic Priority Assessment,Ensuring individual and group objectives are in harmony.
Social Interaction,Collaboration,Negotiation,,,Articulating and agreeing on shared goals and objectives.,
Social Interaction,Collaboration,Negotiation,Conflict Resolution,,Workshops to promote understanding and clarity of team goals.,
Social Interaction,Collaboration,Negotiation,Conflict Resolution,Active Listening,Determining the most important goals for the team.,
Social Interaction,Collaboration,Negotiation,Conflict Resolution,Active Listening,Reflective Listening Techniques,Assessing and establishing strategic priorities within teams.
Social Interaction,Collaboration,Negotiation,Conflict Resolution,Solution-Oriented Dialogue,The process of reaching agreements through discussion and compromise.,
Social Interaction,Collaboration,Negotiation,Conflict Resolution,Solution-Oriented Dialogue,Solution Brainstorming Sessions,The ability to resolve disagreements in a constructive manner.
Social Interaction,Collaboration,Negotiation,Compromise Building,,Carefully listening to understand others' perspectives during conflict.,
Social Interaction,Collaboration,Negotiation,Compromise Building,Mutual Gains Approach,Techniques to reflect on and understand spoken information.,
Social Interaction,Collaboration,Negotiation,Compromise Building,Mutual Gains Approach,Win-Win Strategy Formulation,Focusing discussions on actionable solutions.
Social Interaction,Collaboration,Negotiation,Compromise Building,Boundary Setting,Sessions dedicated to generating actionable solutions.,
Social Interaction,Collaboration,Negotiation,Compromise Building,Boundary Setting,Boundary Clarity Techniques,The skill of finding a middle ground that satisfies different parties.
Social Interaction,Social Communication,,,,Seeking beneficial solutions for all parties involved.,
Social Interaction,Social Communication,Verbal Communication,,,Creating strategies that ensure mutual benefit in negotiations.,
Social Interaction,Social Communication,Verbal Communication,Conversation Skills,,Defining acceptable limits and conditions in negotiations.,
Social Interaction,Social Communication,Verbal Communication,Conversation Skills,Turn-Taking,Techniques for clearly defining and communicating negotiation boundaries.,
Social Interaction,Social Communication,Verbal Communication,Conversation Skills,Turn-Taking,Conversational Rhythm Synchronization,The use of verbal and non-verbal communication methods to engage in social contexts effectively and appropriately.
Social Interaction,Social Communication,Verbal Communication,Conversation Skills,Clarification Requests,The use of spoken language to convey messages in social contexts.,
Social Interaction,Social Communication,Verbal Communication,Conversation Skills,Clarification Requests,Precision Questioning Skills,The ability to effectively exchange ideas and information verbally.
Social Interaction,Social Communication,Verbal Communication,Public Speaking,,Managing the flow of conversation by taking turns speaking.,
Social Interaction,Social Communication,Verbal Communication,Public Speaking,Audience Adaptation,Aligning conversational timing with others.,
Social Interaction,Social Communication,Verbal Communication,Public Speaking,Audience Adaptation,Engagement Techniques,Seeking clarification to ensure understanding in communication.
Social Interaction,Social Communication,Verbal Communication,Public Speaking,Speech Structuring,Skills for asking precise questions to clarify communication.,
Social Interaction,Social Communication,Verbal Communication,Public Speaking,Speech Structuring,Narrative Structuring Strategies,The skill of speaking in front of an audience in an engaging and coherent manner.
Social Interaction,Social Communication,Non-Verbal Communication,,,Tailoring speech content and style to the audience.,
Social Interaction,Social Communication,Non-Verbal Communication,Gesture Use,,Methods to engage audience effectively during speeches.,
Social Interaction,Social Communication,Non-Verbal Communication,Gesture Use,Expressive Gestures,Organizing and sequencing information logically during speech.,
Social Interaction,Social Communication,Non-Verbal Communication,Gesture Use,Expressive Gestures,Gesture Emphasis Techniques,Strategies for constructing narratives within speeches.
Social Interaction,Social Communication,Non-Verbal Communication,Gesture Use,Regulatory Gestures,"The use of gestures, facial expressions, and body language in social interactions.",
Social Interaction,Social Communication,Non-Verbal Communication,Gesture Use,Regulatory Gestures,Flow Control Methods,The ability to use hand and body movements to communicate effectively.
Social Interaction,Social Communication,Non-Verbal Communication,Eye Contact,,Using gestures to enhance and emphasize speech.,
Social Interaction,Social Communication,Non-Verbal Communication,Eye Contact,Gaze Synchrony,Techniques for emphasizing points through gestures.,
Social Interaction,Social Communication,Non-Verbal Communication,Eye Contact,Gaze Synchrony,Eye Contact Timing Techniques,Gestures used to control and coordinate conversation flow.
Social Interaction,Social Communication,Non-Verbal Communication,Eye Contact,Gaze Aversion,Methods to maintain conversational flow using gestures.,
Social Interaction,Social Communication,Non-Verbal Communication,Eye Contact,Gaze Aversion,Aversion Indication Skills,The use of eye movements to convey information and regulate interaction.
Communication and Language,,,,,Matching eye contact timing with conversational flow.,
Communication and Language,Language Comprehension,,,,Techniques to synchronize gaze with conversation flow.,
Communication and Language,Language Comprehension,Vocabulary Comprehension,,,Using eye contact or lack thereof to convey discomfort or deception.,
Communication and Language,Language Comprehension,Vocabulary Comprehension,Semantic Networks,,Skills for indicating emotions or deception through gaze behavior.,
Communication and Language,Language Comprehension,Vocabulary Comprehension,Semantic Networks,Conceptual Grouping,,
Communication and Language,Language Comprehension,Vocabulary Comprehension,Semantic Networks,Conceptual Grouping,Subordinate and Superordinate Categorization,"Understanding spoken and written language, including vocabulary and grammar."
Communication and Language,Language Comprehension,Grammar Comprehension,,,Understanding the meaning of a broad range of words and their associations.,
Communication and Language,Language Comprehension,Grammar Comprehension,Morphological Awareness,,Understanding how words are related and grouped according to meaning.,
Communication and Language,Language Comprehension,Grammar Comprehension,Morphological Awareness,Suffixation Patterns,The ability to categorize words based on shared attributes or concepts.,
Communication and Language,Language Comprehension,Grammar Comprehension,Morphological Awareness,Suffixation Patterns,Inflectional Suffixes,Recognizing hierarchical relationships between general and specific words.
Communication and Language,Expressive Language,,,,The ability to produce and articulate thoughts verbally or in writing.,
Communication and Language,Expressive Language,Speech Production,,,"Understanding sentence structure, syntax, and the rules governing them.",
Communication and Language,Expressive Language,Speech Production,Phonological Skills,,"Understanding and using the smallest units of meaning in a language, such as root words, prefixes, and suffixes.",
Communication and Language,Expressive Language,Speech Production,Phonological Skills,Phonemic Awareness,The ability to recognize and manipulate phonemes in spoken words.,
Communication and Language,Expressive Language,Speech Production,Phonological Skills,Phonemic Awareness,Phoneme Manipulation,Understanding the use and meaning of suffixes in word formation.
Communication and Language,Expressive Language,Written Expression,,,"Recognizing suffixes that modify tense, number, and comparison without changing a word's core meaning.",
Communication and Language,Expressive Language,Written Expression,Spelling,,"The ability to express thoughts, needs, and ideas through speech, writing, or other forms of communication.",
Communication and Language,Expressive Language,Written Expression,Spelling,Orthographic Processing,The ability to articulate sounds and words fluently.,
Communication and Language,Expressive Language,Written Expression,Spelling,Orthographic Processing,Visual Word Recognition,The ability to use and manipulate sounds in words.
Communication and Language,Nonverbal Communication,,,,"The ability to change, move, or add sounds within words for accurate speech production.",
Communication and Language,Nonverbal Communication,Gestural Communication,,,"The ability to convey meaning through writing, including spelling and composition.",
Communication and Language,Nonverbal Communication,Gestural Communication,Sign Language Usage,,The ability to accurately sequence letters to form words.,
Communication and Language,Nonverbal Communication,Gestural Communication,Sign Language Usage,Fingerspelling Proficiency,The ability to recognize written words and patterns.,
Communication and Language,Nonverbal Communication,Facial Expressions,,,The ability to identify and understand words by sight.,
Communication and Language,Nonverbal Communication,Facial Expressions,Microexpressions Recognition,,"Use of gestures, facial expressions, and body language to communicate without words.",
Communication and Language,Nonverbal Communication,Facial Expressions,Microexpressions Recognition,Emotional Valence Detection,Using hand movements and gestures to convey messages.,
Communication and Language,Pragmatic Language,,,,The use of sign language systems to communicate meaning.,
Communication and Language,Pragmatic Language,Conversational Skills,,,The ability to accurately use finger alphabet for spelling out words.,
Communication and Language,Pragmatic Language,Conversational Skills,Active Listening,,Determining the most important goals for the team.,
Communication and Language,Pragmatic Language,Conversational Skills,Active Listening,Empathic Listening,Using facial movements to display emotions and reactions.,
Communication and Language,Pragmatic Language,Conversational Skills,Active Listening,Empathic Listening,Emotion Reflecting,"The ability to detect brief, involuntary facial expressions of emotion."
Communication and Language,Pragmatic Language,Understanding Sarcasm and Humor,,,"Identifying the positive, negative, or neutral nature of detected emotions.",
Communication and Language,Pragmatic Language,Understanding Sarcasm and Humor,Metaphor and Idiom Comprehension,,"The use of language in social contexts, understanding and following social rules of communication.",
Communication and Language,Pragmatic Language,Understanding Sarcasm and Humor,Metaphor and Idiom Comprehension,Proverbial Understanding,"The ability to manage conversations, including turn-taking and topic maintenance.",
Communication and Language,Receptive Language,,,,The ability to understand and process spoken and written language.,
Communication and Language,Receptive Language,Listening Comprehension,,,Understanding and interpreting spoken language.,
Communication and Language,Receptive Language,Listening Comprehension,Auditory Memory,,Engaging attentively with speakers to understand their message fully.,
Communication and Language,Receptive Language,Listening Comprehension,Auditory Memory,Sequential Auditory Memory,Understanding and responding to the emotions and feelings of a speaker.,
Communication and Language,Receptive Language,Listening Comprehension,Auditory Memory,Sequential Auditory Memory,Auditory Sequential Processing,The ability to accurately reflect the speaker's feelings in conversation.
Communication and Language,Receptive Language,Reading Comprehension,,,"The ability to interpret sarcasm, jokes, and non-literal language.",
Communication and Language,Receptive Language,Reading Comprehension,Inferential Reasoning,,Understanding figurative expressions and their meanings in context.,
Communication and Language,Receptive Language,Reading Comprehension,Inferential Reasoning,Contextual Inference,Grasping the underlying messages in traditional sayings or proverbs.,
Communication and Language,Receptive Language,Reading Comprehension,Inferential Reasoning,Contextual Inference,Hypothetical Prediction,"The ability to process and understand information received, including listening and reading comprehension."
Behavioral Control,,,,,Understanding spoken language and auditory information.,
Behavioral Control,Self-Discipline,,,,The capacity to retain and recall spoken information.,
Behavioral Control,Self-Discipline,Goal Management,,,The ability to remember auditory information in specific order.,
Behavioral Control,Self-Discipline,Goal Management,Goal Setting,,Establishing objectives and determining steps to achieve them.,
Behavioral Control,Self-Discipline,Goal Management,Goal Setting,Strategic Planning,Processing auditory input in a logical and ordered sequence.,
Behavioral Control,Self-Discipline,Goal Management,Goal Setting,Hierarchy of Goals,Understanding and interpreting written texts and materials.,
Behavioral Control,Self-Discipline,Goal Management,Persistence,,The ability to make logical conclusions and predictions based on text.,
Behavioral Control,Self-Discipline,Goal Management,Persistence,Resilience to Setbacks,Using surrounding text to derive meaning or conclusions.,
Behavioral Control,Self-Discipline,Goal Management,Persistence,Concentration,Forming predictions about text based on hypothetical scenarios.,
Behavioral Control,Self-Discipline,Emotional Stability,,,"Behavioral Control refers to an individual's ability to regulate their actions, emotions, and thoughts in pursuit of long-term goals. It encompasses self-discipline, impulse control, and the ability to act in accordance with social norms and expectations.",
Behavioral Control,Self-Discipline,Emotional Stability,Stress Tolerance,,"The ability to regulate emotions, thoughts, and behaviors in the face of temptations and impulses.",
Behavioral Control,Self-Discipline,Emotional Stability,Stress Tolerance,Acute Stress Management,"The ability to set, maintain, and work towards personal goals in the face of external and internal pressures.",
Behavioral Control,Self-Discipline,Emotional Stability,Stress Tolerance,Chronic Stress Resilience,The capacity to define realistic and clear objectives for personal achievement.,
Behavioral Control,Self-Discipline,Emotional Stability,Emotional Resilience,,The capacity to recover quickly from emotional difficulties.,
Behavioral Control,Self-Discipline,Emotional Stability,Emotional Resilience,Emotional Recovery,Formulating actionable plans to achieve specific long-term objectives.,
Behavioral Control,Self-Discipline,Emotional Stability,Emotional Resilience,Optimism,Organizing goals in terms of priority and importance to enhance focus and direction.,
Behavioral Control,Impulse Control,,,,Managing immediate emotional and behavioral reactions.,
Behavioral Control,Impulse Control,Delay of Gratification,,,The ability to wait in order to obtain something more rewarding later.,
Behavioral Control,Impulse Control,Delay of Gratification,Planning,,The ability to create a roadmap to reach a goal or complete a task efficiently.,
Behavioral Control,Impulse Control,Delay of Gratification,Planning,Scenario Analysis,Sustaining effort and maintaining focus on objectives despite obstacles or difficulties.,
Behavioral Control,Impulse Control,Delay of Gratification,Planning,Resource Allocation,The ability to recover and maintain motivation after experiencing failures or delays.,
Behavioral Control,Impulse Control,Delay of Gratification,Patience,,Maintaining focused attention on a particular task or goal over time.,
Behavioral Control,Impulse Control,Delay of Gratification,Patience,Long-term Patience,The capability to remain steady and withstand emotional disturbances while pursuing tasks.,
Behavioral Control,Impulse Control,Delay of Gratification,Patience,Immediate Patience,The capacity to endure stressful situations without negatively impacting focus or performance.,
Behavioral Control,Impulse Control,Cognitive Inhibition,,,Handling immediate and short term stressors effectively to maintain performance.,
Behavioral Control,Impulse Control,Cognitive Inhibition,Selective Attention,,The ability to focus on relevant stimuli while ignoring irrelevant information.,
Behavioral Control,Impulse Control,Cognitive Inhibition,Selective Attention,Sensory Filtering,Handling long-term or repeated stress stimuli while maintaining functionality and well-being.,
Behavioral Control,Impulse Control,Cognitive Inhibition,Selective Attention,Focused Listening,Ability to recover quickly from emotional upset or disappointment.,
Behavioral Control,Impulse Control,Cognitive Inhibition,Thought Suppression,,The speed and efficiency with which one returns to a stable emotional state after disruption.,
Behavioral Control,Impulse Control,Cognitive Inhibition,Thought Suppression,Rumination Control,"Maintaining a positive outlook, contributing to quicker recovery from setbacks.",
Behavioral Control,Impulse Control,Cognitive Inhibition,Thought Suppression,Mindfulness Practice,"The capacity to resist or delay an impulse, drive, or temptation to act.",
Behavioral Control,Social Compliance,,,,The ability to delay immediate rewards in favor of long-term benefits.,
Behavioral Control,Social Compliance,Norm Adherence,,,"Anticipating future needs, challenges, and opportunities to prepare actions accordingly.",
Behavioral Control,Social Compliance,Norm Adherence,Role Understanding,,Evaluating potential future events to better craft responses within plans.,
Behavioral Control,Social Compliance,Norm Adherence,Role Understanding,Social Role Application,Effectively distributing time and resources in order to maximize future outcomes.,
Behavioral Control,Social Compliance,Norm Adherence,Role Understanding,Contextual Behavior Adjustment,The ability to remain calm and composed while waiting for a desired outcome.,
Behavioral Control,Social Compliance,Norm Adherence,Etiquette,,Sustaining calm and positivity while waiting for outcomes over extended periods.,
Behavioral Control,Social Compliance,Norm Adherence,Etiquette,Politeness Strategies,Maintaining composure and reducing frustration in brief waiting periods.,
Behavioral Control,Social Compliance,Norm Adherence,Etiquette,Cultural Etiquette Adaptation,The ability to suppress irrelevant or distracting information when making decisions.,
Behavioral Control,Social Compliance,Cooperativeness,,,Focusing on relevant sensory information while ignoring distractions.,
Behavioral Control,Social Compliance,Cooperativeness,Team Participation,,Tuning out unnecessary sensory stimuli to maintain concentration.,
Behavioral Control,Social Compliance,Cooperativeness,Team Participation,Task Sharing,Concentrating auditory attention solely on pertinent information.,
Behavioral Control,Social Compliance,Cooperativeness,Team Participation,Collaborative Ideation,The conscious effort to avoid specific thoughts or memories.,
Behavioral Control,Social Compliance,Cooperativeness,Conflict Resolution,,Workshops to promote understanding and clarity of team goals.,
Behavioral Control,Social Compliance,Cooperativeness,Conflict Resolution,Mediation Skills,Preventing repetitive dark or distressing thought cycles.,
Behavioral Control,Social Compliance,Cooperativeness,Conflict Resolution,Negotiation Tactics,Utilizing focused practices to minimize intrusive thoughts.,
Behavioral Control,Emotional Regulation,,,,"Adhering to social norms and rules, including consideration for others and the ability to cooperate.",
Behavioral Control,Emotional Regulation,Emotional Awareness,,,Understanding and recognizing one's own emotions.,
Behavioral Control,Emotional Regulation,Emotional Awareness,Self-Monitoring,,Following societal and cultural expectations and rules in various contexts.,
Behavioral Control,Emotional Regulation,Emotional Awareness,Self-Monitoring,Emotional Diary Keeping,Comprehending one's place within social or cultural structures and acting accordingly.,
Behavioral Control,Emotional Regulation,Emotional Awareness,Self-Monitoring,Real-time Emotional Feedback,Actively fulfilling the responsibilities associated with one's role in society.,
Behavioral Control,Emotional Regulation,Emotional Awareness,Emotional Insight,,Understanding the origins and implications of one's emotional responses.,
Behavioral Control,Emotional Regulation,Emotional Awareness,Emotional Insight,Trigger Identification,Adapting behavior to align with different social or situational expectations.,
Behavioral Control,Emotional Regulation,Emotional Awareness,Emotional Insight,Causal Analysis,Adhering to conventional manners and behaviors within social contexts.,
Behavioral Control,Emotional Regulation,Emotional Flexibility,,,Employing tactics and communication that maintain decorum and respect.,
Behavioral Control,Emotional Regulation,Emotional Flexibility,Adaptability,,Adjusting behavior to match the cultural norms in cross-cultural exchanges.,
Behavioral Control,Emotional Regulation,Emotional Flexibility,Adaptability,Regulatory Strategy Selection,The ability to work effectively and harmoniously with others.,
Behavioral Control,Emotional Regulation,Emotional Flexibility,Adaptability,Dynamic Behavioral Adjustment,Active and effective engagement in group activities or tasks.,
Behavioral Control,Emotional Regulation,Emotional Flexibility,Mood Adjustment,,Distributing responsibilities and roles among group members effectively.,
Behavioral Control,Emotional Regulation,Emotional Flexibility,Mood Adjustment,Mood Elevation Techniques,Generating ideas and solutions collectively with team members.,
Behavioral Control,Emotional Regulation,Emotional Flexibility,Mood Adjustment,Situational Mood Alignment,Effectively identifying and resolving disagreements in social or professional settings.,
Physical Health and Activity,,,,,Providing a neutral ground to help others in conflict find common solutions.,
Physical Health and Activity,Physical Fitness,,,,Employing strategies to reach mutually beneficial agreements.,
Physical Health and Activity,Physical Fitness,Strength,,,Managing one's emotional state to remain focused and avoid emotional outbursts.,
Physical Health and Activity,Physical Fitness,Strength,Muscular Strength,,Recognizing and understanding ones own emotions.,
Physical Health and Activity,Physical Fitness,Strength,Muscular Strength,Isometric Strength,"Observing one's thoughts, feelings, and behaviors to remain aware of emotional states.",
Physical Health and Activity,Physical Fitness,Strength,Muscular Strength,Isotonic Strength,Using personal logs to track and reflect upon emotional experiences over time.,
Physical Health and Activity,Physical Fitness,Endurance,,,Utilizing immediate feedback mechanisms to better understand emotional triggers and responses.,
Physical Health and Activity,Physical Fitness,Endurance,Cardiovascular Endurance,,Understanding the underlying causes and triggers of emotional responses.,
Physical Health and Activity,Physical Fitness,Endurance,Cardiovascular Endurance,VO2 Max,Recognizing specific events or thoughts that provoke emotional responses.,
Physical Health and Activity,Physical Fitness,Endurance,Muscular Endurance,,Analyzing the underlying reasons for emotional reactions to better anticipate future responses.,
Physical Health and Activity,Physical Fitness,Endurance,Muscular Endurance,Static Endurance,The ability to adapt emotional responses based on situational demands.,
Physical Health and Activity,Physical Fitness,Endurance,Muscular Endurance,Dynamic Endurance,Adjusting emotional and behavioral responses to changing environments or circumstances.,
Physical Health and Activity,Physical Fitness,Flexibility,,,Choosing appropriate emotional regulation strategies based on context.,
Physical Health and Activity,Physical Fitness,Flexibility,Static Flexibility,,Adjusting actions and emotional outputs as situations evolve.,
Physical Health and Activity,Physical Fitness,Flexibility,Static Flexibility,Static Stretching,Shifting one's emotional state purposefully to better align with current goals or situations.,
Physical Health and Activity,Physical Fitness,Flexibility,Dynamic Flexibility,,Utilizing specific techniques to lift mood and enhance emotional state.,
Physical Health and Activity,Physical Fitness,Flexibility,Dynamic Flexibility,Ballistic Stretching,Shaping mood to suit the requirements of a specific context or environment.,
Physical Health and Activity,Physical Fitness,Cardiovascular Health,,,"This dimension encompasses the overall physical well-being and movement-related aspects of an individual. It includes aspects that contribute to physical fitness, bodily health, and the ability to engage in various physical activities.",
Physical Health and Activity,Physical Fitness,Cardiovascular Health,Heart Health,,"Refers to the overall state of physical health, including strength, endurance, flexibility, and cardiovascular health.",
Physical Health and Activity,Physical Fitness,Cardiovascular Health,Heart Health,Heart Rate Variability,The ability of muscles to exert force during an activity.,
Physical Health and Activity,Physical Fitness,Cardiovascular Health,Lung Capacity,,The maximum amount of force a muscle can produce in a single effort.,
Physical Health and Activity,Physical Fitness,Cardiovascular Health,Lung Capacity,Vital Capacity,The maximum force exerted by a muscle or muscle group without changing length.,
Physical Health and Activity,Motor Skills Development,,,,"The force exerted by a muscle or muscle group while the muscle changes length (e.g., in lifting weights).",
Physical Health and Activity,Motor Skills Development,Fine Motor Skills,,,The ability to sustain physical activity over a period of time.,
Physical Health and Activity,Motor Skills Development,Fine Motor Skills,Hand-Eye Coordination,,The ability to synchronize visual input with motor actions.,
Physical Health and Activity,Motor Skills Development,Fine Motor Skills,Hand-Eye Coordination,Visual-Motor Integration,The ability to coordinate visual perceptual skills with motor skills.,
Physical Health and Activity,Motor Skills Development,Fine Motor Skills,Dexterity,,The ability of the heart and lungs to work together to provide the needed oxygen and fuel to the body during sustained workloads.,
Physical Health and Activity,Motor Skills Development,Fine Motor Skills,Dexterity,Finger Dexterity,The maximum rate of oxygen consumption measured during incremental exercise.,
Physical Health and Activity,Motor Skills Development,Gross Motor Skills,,,"The ability of a muscle, or group of muscles, to sustain repeated contractions or to continue applying force against a fixed resistance.",
Physical Health and Activity,Motor Skills Development,Gross Motor Skills,Balance,,The ability to hold a position or to keep muscles contracted over time without movement.,
Physical Health and Activity,Motor Skills Development,Gross Motor Skills,Balance,Static Balance,The ability to continue repetitive movements involving muscle contraction over time.,
Physical Health and Activity,Motor Skills Development,Gross Motor Skills,Balance,Dynamic Balance,The range of motion available at a joint.,
Physical Health and Activity,Nutrition and Diet,,,,The range of motion around a joint when the body is in a stationary position.,
Physical Health and Activity,Nutrition and Diet,Macronutrient Balance,,,Stretching a muscle to the point of slight discomfort and holding the position.,
Physical Health and Activity,Nutrition and Diet,Macronutrient Balance,Carbohydrate Intake,,The ability to perform dynamic movements within the full range of motion in the joints.,
Physical Health and Activity,Nutrition and Diet,Macronutrient Balance,Carbohydrate Intake,Simple Carbohydrates,Dynamic movements involving bouncing to push the flexibility boundaries.,
Physical Health and Activity,Nutrition and Diet,Macronutrient Balance,Carbohydrate Intake,Complex Carbohydrates,"The efficiency of the heart, lungs, and vascular system in delivering oxygen to the body during sustained activity.",
Physical Health and Activity,Nutrition and Diet,Micronutrient Intake,,,Refers to the condition and performance of the heart and its ability to pump blood effectively.,
Physical Health and Activity,Nutrition and Diet,Micronutrient Intake,Vitamin Intake,,"The variation in time between each heartbeat, indicating autonomic nervous system balance.",
Physical Health and Activity,Nutrition and Diet,Micronutrient Intake,Vitamin Intake,Water-Soluble Vitamins,The total amount of air that the lungs can hold.,
Physical Health and Activity,Nutrition and Diet,Micronutrient Intake,Mineral Intake,,The maximum amount of air a person can expel from the lungs after a maximum inhalation.,
Physical Health and Activity,Nutrition and Diet,Micronutrient Intake,Mineral Intake,Trace Minerals,Involves the development and refinement of fine and gross motor skills which are essential for coordinated movement and activity.,
Physical Health and Activity,Sleep and Rest,,,,"Skills involving small muscle movements, particularly in the hands and fingers, such as writing or picking up small objects.",
Physical Health and Activity,Sleep and Rest,Sleep Quality,,,The ability to perform activities that require simultaneous use of our hands and eyes.,
Physical Health and Activity,Sleep and Rest,Sleep Quality,REM Sleep,,Coordination of visual perceptual skills with motor skills.,
Physical Health and Activity,Sleep and Rest,Sleep Quality,REM Sleep,REM Latency,"Skill in performing tasks, especially with the hands.",
Physical Health and Activity,Sleep and Rest,Sleep Quantity,,,The ability to make precisely coordinated movements of the fingers to grasp and manipulate objects.,
Physical Health and Activity,Sleep and Rest,Sleep Quantity,Sleep Duration,,"Skills involving large muscle groups for activities such as walking, running, and jumping.",
Physical Health and Activity,Sleep and Rest,Sleep Quantity,Sleep Duration,Napping,The ability to maintain control of body position while stationary or moving.,
Physical Health and Activity,Exercise and Physical Activity,,,,"Maintaining equilibrium when stationary, such as when standing still.",
Physical Health and Activity,Exercise and Physical Activity,Aerobic Activities,,,"Maintaining equilibrium when in motion, such as when walking or running.",
Physical Health and Activity,Exercise and Physical Activity,Aerobic Activities,Walking,,Focuses on the dietary habits and nutritional intake that influence physical health and function.,
Physical Health and Activity,Exercise and Physical Activity,Anaerobic Activities,,,"The proportion of carbohydrates, proteins, and fats in the diet.",
Physical Health and Activity,Exercise and Physical Activity,Anaerobic Activities,Weightlifting,,"The consumption of carbohydrates, which provide energy for the body.",
Attention and Perception,,,,,Sugars that provide a quick source of energy.,
Attention and Perception,Sustained Attention,,,,The capacity to maintain consistent focus over time.,
Attention and Perception,Sustained Attention,Vigilance,,,Starches that provide sustained energy and dietary fiber.,
Attention and Perception,Sustained Attention,Vigilance,Responsiveness to Rare Events,,The consumption of vitamins and minerals necessary for body function.,
Attention and Perception,Sustained Attention,Vigilance,Responsiveness to Rare Events,Signal Detection Accuracy,The consumption of organic compounds required in small amounts for growth and health.,
Attention and Perception,Sustained Attention,Vigilance,Responsiveness to Rare Events,Alertness Threshold,Vitamins that dissolve in water and are not stored in the body.,
Attention and Perception,Sustained Attention,Fatigue Resistance,,,The consumption of inorganic elements that play key roles in body processes.,
Attention and Perception,Sustained Attention,Fatigue Resistance,Stress Resiliency,,"Minerals required by the body in small amounts, such as iron and zinc.",
Attention and Perception,Sustained Attention,Fatigue Resistance,Endurance Training Capacity,,"Pertains to the quality and quantity of sleep and rest, impacting overall physical health and recovery.",
Attention and Perception,Concentration,,,,Forming predictions about text based on hypothetical scenarios.,
Attention and Perception,Concentration,Distraction Control,,,"The measure of how well one sleeps, including factors like duration, depth, and restfulness.",
Attention and Perception,Concentration,Distraction Control,Internal Interference Management,,"Rapid Eye Movement sleep, the sleep stage where dreaming occurs and is crucial for cognitive functions and mood regulation.",
Attention and Perception,Concentration,Distraction Control,External Noise Filtering,,The duration of time it takes to reach REM sleep after falling asleep.,
Attention and Perception,Mental Stamina,,,,The total amount of sleep time and its adequacy for the individual.,
Attention and Perception,Mental Stamina,Cognitive Load Management,,,Total hours of sleep obtained in a sleep period.,
Attention and Perception,Mental Stamina,Prolonged Engagement,,,The practice of taking a short sleep during the day.,
Adaptive Functioning and Life Skills,,,,,Relates to the engagement in structured or unstructured physical activities that contribute to overall health and well-being.,
Adaptive Functioning and Life Skills,Personal Care,,,,Physical activities that increase the heart rate and improve the body's use of oxygen.,
Adaptive Functioning and Life Skills,Personal Care,Self-feeding Skills,,,"A low-impact, moderate aerobic activity involving movement on foot at a regular pace.",
Adaptive Functioning and Life Skills,Personal Care,Self-feeding Skills,Utensil Usage,,"Intense, short bursts of activity where the body's demand for oxygen exceeds the oxygen supply available.",
Adaptive Functioning and Life Skills,Personal Care,Self-feeding Skills,Portion Control,,Resistance-based exercise for building strength and muscle mass.,
Adaptive Functioning and Life Skills,Personal Care,Personal Hygiene Management,,,"The capacity to focus, maintain, and appropriately shift attention, and to interpret sensory information accurately.",
Adaptive Functioning and Life Skills,Personal Care,Personal Hygiene Management,Bathing and Showering Skills,,The ability to maintain consistent attention to a task or stimulus over a period of time.,
Adaptive Functioning and Life Skills,Personal Care,Personal Hygiene Management,Bathing and Showering Skills,Water Temperature Safety,The ability to maintain attention over prolonged periods with readiness to detect rarely occurring changes in stimuli.,
Adaptive Functioning and Life Skills,Personal Care,Personal Hygiene Management,Bathing and Showering Skills,Water Temperature Safety,Temperature Monitoring Techniques,The ability to detect and respond to infrequent but critical events in the environment.
Adaptive Functioning and Life Skills,Personal Care,Personal Hygiene Management,Oral Hygiene,,The ability to correctly identify important signals or events from a background of noise or distractions.,
Adaptive Functioning and Life Skills,Personal Care,Personal Hygiene Management,Oral Hygiene,Flossing Technique,The level of alertness required to effectively detect and react to rare events.,
Adaptive Functioning and Life Skills,Personal Care,Personal Hygiene Management,Oral Hygiene,Flossing Technique,Floss Type Selection,"The ability to maintain focus and productivity over extended periods, despite potential fatigue."
Adaptive Functioning and Life Skills,Personal Care,Dressing Skills,,,The ability to maintain attentional focus and cognitive performance in the face of stressful conditions.,
Adaptive Functioning and Life Skills,Personal Care,Dressing Skills,Clothing Selection,,The extent to which cognitive endurance can be improved through training and experience.,
Adaptive Functioning and Life Skills,Personal Care,Dressing Skills,Clothing Selection,Seasonal Clothing Choices,"The ability to focus intently on a task, avoiding distractions.",
Adaptive Functioning and Life Skills,Personal Care,Dressing Skills,Clothing Selection,Seasonal Clothing Choices,Layering Techniques,The ability to minimize internal and external distractions to maintain focus on a task.
Adaptive Functioning and Life Skills,Personal Care,Dressing Skills,Fastener Management,,The ability to manage internal thoughts and emotions that could disrupt focus on a task.,
Adaptive Functioning and Life Skills,Personal Care,Dressing Skills,Fastener Management,Adaptive Fasteners,The capacity to block out distracting environmental stimuli.,
Adaptive Functioning and Life Skills,Personal Care,Grooming Skills,,,The ability to sustain mental effort and focus over time.,
Adaptive Functioning and Life Skills,Personal Care,Grooming Skills,Hair Care,,The capacity to maintain focus and performance under varying degrees of mental workload.,
Adaptive Functioning and Life Skills,Personal Care,Grooming Skills,Hair Care,Protective Hairstyles,The ability to stay engaged and maintain performance in a task over long periods.,
Adaptive Functioning and Life Skills,Personal Care,Grooming Skills,Nail Care,,"Adaptive Functioning and Life Skills refer to the practical, social, and conceptual skills that individuals use to function in their everyday lives. These skills enable individuals to meet the demands of daily living, including managing personal care, maintaining a household, navigating a community, engaging in employment, and fulfilling social roles.",
Adaptive Functioning and Life Skills,Personal Care,Grooming Skills,Nail Care,Injury Prevention,"Skills related to self-care and personal hygiene, such as dressing, feeding, and grooming.",
Adaptive Functioning and Life Skills,Household Management,,,,"Skills related to the ability to feed oneself independently, including using utensils and managing portion sizes.",
Adaptive Functioning and Life Skills,Household Management,Cleaning and Organizing,,,The ability to effectively use various eating utensils for different types of food.,
Adaptive Functioning and Life Skills,Household Management,Cleaning and Organizing,Task Scheduling,,Skills related to determining appropriate portion sizes for nutritional balance and personal dietary needs.,
Adaptive Functioning and Life Skills,Household Management,Cleaning and Organizing,Task Scheduling,Digital Calendar Usage,"Skills associated with maintaining cleanliness and grooming, including bathing, tooth brushing, and hair care.",
Adaptive Functioning and Life Skills,Household Management,Cleaning and Organizing,Decluttering Skills,,"The ability to independently perform bathing routines, ensuring cleanliness and safety.",
Adaptive Functioning and Life Skills,Household Management,Cleaning and Organizing,Decluttering Skills,Sentimental Item Management,Skills to recognize and adjust water temperature to prevent burns during bathing.,
Adaptive Functioning and Life Skills,Household Management,Cleaning and Organizing,Decluttering Skills,Sentimental Item Management,Sentimental Value Assessment Techniques,Methods and skills for accurately checking and adjusting water temperature before bathing.
Adaptive Functioning and Life Skills,Household Management,Budgeting and Financial Management,,,Skills related to maintaining oral health through regular tooth brushing and flossing.,
Adaptive Functioning and Life Skills,Household Management,Budgeting and Financial Management,Expense Tracking,,The ability to effectively use dental floss for thorough cleaning between teeth.,
Adaptive Functioning and Life Skills,Household Management,Budgeting and Financial Management,Expense Tracking,Expense Categorization,Choosing appropriate floss types for different dental needs and situations.,
Adaptive Functioning and Life Skills,Household Management,Saving Strategies,,,"The ability to dress oneself independently, including choosing appropriate clothing and managing fasteners like buttons and zippers.",
Adaptive Functioning and Life Skills,Household Management,Saving Strategies,Goal-Based Saving,,"Skills related to choosing appropriate clothing based on weather, occasion, and personal preference.",
Motivation and Goal-Directed Behavior,,,,,Understanding and selecting clothing that suits different seasons and weather conditions.,
Motivation and Goal-Directed Behavior,Intrinsic Motivation,,,,Methods for effectively layering clothing for warmth and style.,
Motivation and Goal-Directed Behavior,Intrinsic Motivation,Autonomy,,,"The ability to handle various clothing fasteners such as buttons, zippers, and snaps.",
Motivation and Goal-Directed Behavior,Intrinsic Motivation,Autonomy,Self-Determination,,Using alternative fasteners for individuals with dexterity or coordination challenges.,
Motivation and Goal-Directed Behavior,Intrinsic Motivation,Autonomy,Volitional Engagement,,"Skills related to personal grooming, such as hair care and nail care.",
Motivation and Goal-Directed Behavior,Intrinsic Motivation,Mastery,,,"The ability to wash, dry, and style hair independently.",
Motivation and Goal-Directed Behavior,Intrinsic Motivation,Mastery,Skill Development,,Creating hairstyles that minimize damage and promote hair health and growth.,
Motivation and Goal-Directed Behavior,Intrinsic Motivation,Mastery,Challenge Seeking,,Skills related to maintaining clean and trimmed nails.,
Motivation and Goal-Directed Behavior,Intrinsic Motivation,Mastery,Challenge Seeking,Flow Experience,"Techniques to avoid nail and finger injuries during care, such as safe clipping methods.",
Motivation and Goal-Directed Behavior,Intrinsic Motivation,Mastery,Challenge Seeking,Growth Mindset,"Capabilities involving cleaning, organizing, budgeting, and maintaining a living space.",
Motivation and Goal-Directed Behavior,Extrinsic Motivation,,,,Skills related to maintaining the cleanliness and organization of living spaces.,
Motivation and Goal-Directed Behavior,Extrinsic Motivation,External Regulation,,,The ability to create and follow a schedule for cleaning tasks to maintain an organized environment.,
Motivation and Goal-Directed Behavior,Extrinsic Motivation,External Regulation,Compliance,,Using digital tools to manage cleaning schedules efficiently.,
Motivation and Goal-Directed Behavior,Extrinsic Motivation,Introjected Regulation,,,Skills related to identifying and removing unnecessary items to maintain an organized space.,
Motivation and Goal-Directed Behavior,Extrinsic Motivation,Introjected Regulation,Ego Involvement,,The skill to decide on keeping or discarding items based on sentimental value.,
Motivation and Goal-Directed Behavior,Extrinsic Motivation,Introjected Regulation,Ego Involvement,Perfectionism,Methods for assessing the true sentimental value of possessions for better decluttering decisions.,
Motivation and Goal-Directed Behavior,Self-Regulation,,,,"The ability to plan, monitor, and control personal or household financial resources.",
Motivation and Goal-Directed Behavior,Self-Regulation,Cognitive Regulation,,,The ability to document and review personal or household expenses regularly.,
Motivation and Goal-Directed Behavior,Self-Regulation,Cognitive Regulation,Metacognition,,Techniques for effectively categorizing expenses to track spending habits.,
Motivation and Goal-Directed Behavior,Self-Regulation,Cognitive Regulation,Metacognition,Self-Monitoring,Following societal and cultural expectations and rules in various contexts.,
Motivation and Goal-Directed Behavior,Self-Regulation,Cognitive Regulation,Metacognition,Cognitive Flexibility,The capacity to switch between thinking about different concepts or to think about multiple concepts simultaneously.,
Motivation and Goal-Directed Behavior,Self-Regulation,Emotional Regulation in Goal Pursuit,,,Skills related to developing and maintaining strategies for personal or household savings.,
Motivation and Goal-Directed Behavior,Self-Regulation,Emotional Regulation in Goal Pursuit,Positive Reappraisal,,Establishing and maintaining savings goals for short- and long-term needs.,
Motivation and Goal-Directed Behavior,Self-Regulation,Emotional Regulation in Goal Pursuit,Positive Reappraisal,Mood Maintenance,"The capacity and processes by which individuals set goals, maintain the motivation to pursue them, and engage in behaviors aimed at achieving those goals.",
Motivation and Goal-Directed Behavior,Self-Regulation,Emotional Regulation in Goal Pursuit,Positive Reappraisal,Mood Maintenance,Affective Forecasting,"The drive to engage in activities for their own sake, deriving satisfaction from the activity itself rather than from external rewards."
Motivation and Goal-Directed Behavior,Persistence,,,,The ability to make logical conclusions and predictions based on text.,
Motivation and Goal-Directed Behavior,Persistence,Resilience,,,"The ability to make one's own decisions and govern oneself independently, playing a crucial role in intrinsic motivation.",
Motivation and Goal-Directed Behavior,Persistence,Resilience,Adaptive Coping,,The drive stemming from a sense of control over one's life and actions.,
Motivation and Goal-Directed Behavior,Persistence,Resilience,Adaptive Coping,Problem-Focused Coping,The level of engagement in activities that are freely chosen.,
Motivation and Goal-Directed Behavior,Persistence,Resilience,Adaptive Coping,Emotion-Focused Coping,Strategies to deal with emotional stress and difficulties.,
Motivation and Goal-Directed Behavior,Persistence,Resilience,Adaptive Coping,Emotion-Focused Coping,Mindfulness,"The drive to develop competence and understanding in areas of interest, reflecting a desire for growth and personal development."
Motivation and Goal-Directed Behavior,Persistence,Delayed Gratification,,,The process of learning and refining skills in a specific domain.,
Motivation and Goal-Directed Behavior,Persistence,Delayed Gratification,Future Orientation,,The preference for engaging in tasks that provide a moderate level of difficulty to stimulate learning and growth.,
Motivation and Goal-Directed Behavior,Persistence,Delayed Gratification,Future Orientation,Longitudinal Planning,"The state of being fully immersed and focused in an activity, often leading to enhanced performance and satisfaction.",
Motivation and Goal-Directed Behavior,Persistence,Delayed Gratification,Future Orientation,Longitudinal Planning,Continuous Improvement,The belief that abilities and intelligence can be developed through effort and dedication.
Motivation and Goal-Directed Behavior,Goal Setting,,,,Establishing objectives and determining steps to achieve them.,
Motivation and Goal-Directed Behavior,Goal Setting,Short-term Planning,,,"The drive to perform activities due to external rewards or pressures, such as money, grades, or praise.",
Motivation and Goal-Directed Behavior,Goal Setting,Short-term Planning,Task Prioritization,,Behavior motivated by external demands or rewards.,
Motivation and Goal-Directed Behavior,Goal Setting,Short-term Planning,Task Prioritization,Time Management,Behavior that conforms to external rules and demands for the sake of receiving rewards or avoiding punishment.,
Motivation and Goal-Directed Behavior,Goal Setting,Short-term Planning,Task Prioritization,Time Management,Procrastination Management,"Behavior driven by internal pressures, where individuals engage in actions driven by self-imposed pressures and internal rewards."
Motivation and Goal-Directed Behavior,Goal Setting,Long-term Planning,,,Actions are undertaken with the intent to maintain self-esteem or to avoid guilt.,
Motivation and Goal-Directed Behavior,Goal Setting,Long-term Planning,Strategic Visioning,,"The pursuit of flawlessness, often driven by internal standards and pressures.",
Motivation and Goal-Directed Behavior,Goal Setting,Long-term Planning,Strategic Visioning,Scenario Planning,Preparing for potential emotional reactions in various scenarios.,
Motivation and Goal-Directed Behavior,Goal Setting,Long-term Planning,Strategic Visioning,Scenario Planning,Risk Management,"The ability to manage one's emotions, thoughts, and behaviors in pursuit of long-term goals."
Self-Concept and Identity,,,,,"The mechanisms involved in managing focus, problem-solving, and learning strategies to support goal attainment.",
Self-Concept and Identity,Self-Esteem,,,,"The awareness and understanding of one's own thought processes, facilitating strategic thinking and learning.",
Self-Concept and Identity,Self-Esteem,Global Self-Esteem,,,The process of observing and regulating one's own cognitive processes and strategies.,
Self-Concept and Identity,Self-Esteem,Global Self-Esteem,Stable Self-Esteem,,The ability to adapt thinking and behavior in response to changing goals and environmental stimuli.,
Self-Concept and Identity,Self-Esteem,Global Self-Esteem,Variable Self-Esteem,,The ability to modulate emotional responses during the pursuit of goals.,
Self-Concept and Identity,Self-Esteem,Global Self-Esteem,Variable Self-Esteem,Momentary Self-Esteem,Reframing a situation to focus on positive aspects as a way to regulate emotional responses during goal pursuit.,
Self-Concept and Identity,Self-Esteem,Global Self-Esteem,Variable Self-Esteem,Contextual Self-Esteem,Strategies aimed at sustaining a positive mood to enhance goal-directed activities.,
Self-Concept and Identity,Self-Esteem,Domain-Specific Self-Esteem,,,Predicting future emotional states and using this information to guide decision-making and goal-setting.,
Self-Concept and Identity,Self-Esteem,Domain-Specific Self-Esteem,Academic Self-Esteem,,"The capacity to maintain action in the face of obstacles, sustaining effort over time to achieve a goal.",
Self-Concept and Identity,Self-Esteem,Domain-Specific Self-Esteem,Academic Self-Esteem,Subject-Specific Self-Esteem,The capacity to recover quickly from difficulties and maintain persistent effort.,
Self-Concept and Identity,Self-Esteem,Domain-Specific Self-Esteem,Academic Self-Esteem,Peer Comparison Self-Esteem,The use of strategies to adapt to stressors and maintain goal-directed behavior.,
Self-Concept and Identity,Self-Esteem,Domain-Specific Self-Esteem,Social Self-Esteem,,Strategies aimed at tackling the problem directly to mitigate its impact.,
Self-Concept and Identity,Self-Esteem,Domain-Specific Self-Esteem,Social Self-Esteem,Social Anxiety Influence,Strategies aimed at managing emotional responses rather than changing the problem itself.,
Self-Concept and Identity,Self-Esteem,Domain-Specific Self-Esteem,Social Self-Esteem,Peer Acceptance Self-Esteem,"Practice of maintaining a non-judgmental state of heightened awareness of one's thoughts, emotions, or experiences as a way to reduce emotional stress.",
Self-Concept and Identity,Self-Efficacy,,,,The ability to resist the temptation for an immediate reward and wait for a later reward.,
Self-Concept and Identity,Self-Efficacy,General Self-Efficacy,,,Placing emphasis on long-term rather than short-term outcomes when pursuing goals.,
Self-Concept and Identity,Self-Efficacy,General Self-Efficacy,Problem-Solving Self-Efficacy,,In-depth planning that accounts for long-term timelines and future contingencies.,
Self-Concept and Identity,Self-Efficacy,General Self-Efficacy,Problem-Solving Self-Efficacy,Logical Reasoning Self-Efficacy,"Ongoing efforts to improve products, services, or processes over time, aligning actions with long-term goals.",
Self-Concept and Identity,Self-Efficacy,General Self-Efficacy,Problem-Solving Self-Efficacy,Creative Thinking Self-Efficacy,The process of establishing objectives or goals and developing plans to achieve them. It includes the ability to plan and prioritize effectively.,
Self-Concept and Identity,Self-Efficacy,Task-Specific Self-Efficacy,,,The capacity to set and work towards goals that are achievable in the near future.,
Self-Concept and Identity,Self-Efficacy,Task-Specific Self-Efficacy,Health-Related Self-Efficacy,,The ability to organize tasks in order of importance to effectively achieve short-term goals.,
Self-Concept and Identity,Self-Efficacy,Task-Specific Self-Efficacy,Health-Related Self-Efficacy,Physical Activity Self-Efficacy,Effective scheduling and management of time to enhance productivity and achieve goals.,
Self-Concept and Identity,Self-Efficacy,Task-Specific Self-Efficacy,Health-Related Self-Efficacy,Dietary Self-Efficacy,Techniques and strategies used to overcome procrastination and enhance task completion.,
Self-Concept and Identity,Self-Efficacy,Task-Specific Self-Efficacy,Communication Self-Efficacy,,The ability to set and pursue goals that require extended effort and time to achieve.,
Self-Concept and Identity,Self-Efficacy,Task-Specific Self-Efficacy,Communication Self-Efficacy,Public Speaking Self-Efficacy,The capacity to envisage future achievements and formulate strategies to realize them.,
Self-Concept and Identity,Self-Efficacy,Task-Specific Self-Efficacy,Communication Self-Efficacy,Interpersonal Communication Self-Efficacy,The process of visualizing potential future scenarios to better prepare strategies.,
Self-Concept and Identity,Personal Values,,,,"The identification, assessment, and prioritization of risks, coupled with the coordinated application of resources to minimize, control, and monitor the probability and impact of events.",
Self-Concept and Identity,Personal Values,Moral Values,,,"Refers to the understanding and perception of oneself, encompassing a range of aspects including self-esteem, self-efficacy, and personal values. It involves the awareness of one's own identity, both in terms of internal self-perception and external recognition by others.",
Self-Concept and Identity,Personal Values,Moral Values,Altruistic Values,,Reflects a person's overall subjective emotional evaluation of their own worth.,
Self-Concept and Identity,Personal Values,Moral Values,Justice Values,,The overall value one places on themselves as a person.,
Self-Concept and Identity,Personal Values,Moral Values,Justice Values,Legal Justice Values,Consistent self-worth unaffected by situational changes.,
Self-Concept and Identity,Personal Values,Moral Values,Justice Values,Distributive Justice Values,Fluctuating self-worth influenced by circumstances and experiences.,
Self-Concept and Identity,Personal Values,Aesthetic Values,,,Instantaneous changes in self-esteem in response to specific events.,
Self-Concept and Identity,Personal Values,Aesthetic Values,Artistic Preferences,,Shifts in self-esteem based on different environments or situations.,
Self-Concept and Identity,Personal Values,Aesthetic Values,Natural Appreciation Values,,"Evaluation of one's worth in specific areas such as academics, athletics, or social skills.",
Self-Concept and Identity,Personal Values,Aesthetic Values,Natural Appreciation Values,Environmental Conservation Values,Evaluation of self-worth based on academic performance.,
Self-Concept and Identity,Personal Values,Aesthetic Values,Natural Appreciation Values,Wilderness Experience Values,"Perceived competence and value in specific academic subjects, such as math or literature.",
Self-Concept and Identity,Identity Exploration,,,,Self-worth assessment based on academic standing relative to peers.,
Self-Concept and Identity,Identity Exploration,Vocational Exploration,,,Evaluation of self-worth based on social interactions and acceptance.,
Self-Concept and Identity,Identity Exploration,Vocational Exploration,Skill Development,,Creating hairstyles that minimize damage and promote hair health and growth.,
Self-Concept and Identity,Identity Exploration,Vocational Exploration,Skill Development,Technical Skill Acquisition,Impact of social anxiety on perception of social worth.,
Self-Concept and Identity,Identity Exploration,Vocational Exploration,Skill Development,Soft Skill Enhancement,Self-esteem derived from being accepted and valued by peers.,
Self-Concept and Identity,Identity Exploration,Career Values Exploration,,,Denotes an individual's belief in their capacity to execute behaviors necessary to produce specific performance attainments.,
Self-Concept and Identity,Identity Exploration,Career Values Exploration,Work-Life Balance Values,,Belief in one's overall ability to succeed in various tasks and challenges.,
Self-Concept and Identity,Identity Exploration,Career Values Exploration,Career Advancement Values,,Confidence in one's ability to solve problems and overcome obstacles.,
Self-Concept and Identity,Relational Exploration,,,,Confidence in one's ability to use logical reasoning in problem-solving contexts.,
Self-Concept and Identity,Relational Exploration,Family Role Exploration,,,Belief in one's ability to apply creative thinking processes effectively.,
Self-Concept and Identity,Relational Exploration,Family Role Exploration,Parental Role Understanding,,Belief in one's ability to succeed in a specific task or activity.,
Self-Concept and Identity,Relational Exploration,Family Role Exploration,Sibling Role Dynamics,,Confidence in managing one's health-related behaviors and actions.,
Self-Concept and Identity,Friendship Dynamics Exploration,,,,Belief in one's ability to engage in and maintain regular physical activity.,
Self-Concept and Identity,Friendship Dynamics Exploration,Trust Building in Friendships,,,Confidence in one's ability to adhere to healthy eating practices.,
Self-Concept and Identity,Friendship Dynamics Exploration,Conflict Resolution in Friendships,,,Belief in one's ability to communicate effectively in different contexts.,
